,id,url
0,401437934,https://www.espn.com/nfl/scoreboard/_/week/17/year/2022/seasontype/2
1,401437933,https://www.espn.com/nfl/scoreboard/_/week/17/year/2022/seasontype/2
2,401437935,https://www.espn.com/nfl/scoreboard/_/week/17/year/2022/seasontype/2
3,401437937,https://www.espn.com/nfl/scoreboard/_/week/17/year/2022/seasontype/2
4,401437938,https://www.espn.com/nfl/scoreboard/_/week/17/year/2022/seasontype/2
5,401437939,https://www.espn.com/nfl/scoreboard/_/week/17/year/2022/seasontype/2
6,401437940,https://www.espn.com/nfl/scoreboard/_/week/17/year/2022/seasontype/2
7,401437941,https://www.espn.com/nfl/scoreboard/_/week/17/year/2022/seasontype/2
8,401437942,https://www.espn.com/nfl/scoreboard/_/week/17/year/2022/seasontype/2
9,401437936,https://www.espn.com/nfl/scoreboard/_/week/17/year/2022/seasontype/2
10,401437943,https://www.espn.com/nfl/scoreboard/_/week/17/year/2022/seasontype/2
11,401437944,https://www.espn.com/nfl/scoreboard/_/week/17/year/2022/seasontype/2
12,401437945,https://www.espn.com/nfl/scoreboard/_/week/17/year/2022/seasontype/2
13,401437946,https://www.espn.com/nfl/scoreboard/_/week/17/year/2022/seasontype/2
14,401437932,https://www.espn.com/nfl/scoreboard/_/week/17/year/2022/seasontype/2
15,401437947,https://www.espn.com/nfl/scoreboard/_/week/17/year/2022/seasontype/2
