id,url
401547593,https://www.espn.com/nfl/scoreboard/_/week/15/year/2023/seasontype/2
401547604,https://www.espn.com/nfl/scoreboard/_/week/15/year/2023/seasontype/2
401547607,https://www.espn.com/nfl/scoreboard/_/week/15/year/2023/seasontype/2
401547606,https://www.espn.com/nfl/scoreboard/_/week/15/year/2023/seasontype/2
401547605,https://www.espn.com/nfl/scoreboard/_/week/15/year/2023/seasontype/2
401547598,https://www.espn.com/nfl/scoreboard/_/week/15/year/2023/seasontype/2
401547595,https://www.espn.com/nfl/scoreboard/_/week/15/year/2023/seasontype/2
401547594,https://www.espn.com/nfl/scoreboard/_/week/15/year/2023/seasontype/2
401547608,https://www.espn.com/nfl/scoreboard/_/week/15/year/2023/seasontype/2
401547599,https://www.espn.com/nfl/scoreboard/_/week/15/year/2023/seasontype/2
401547603,https://www.espn.com/nfl/scoreboard/_/week/15/year/2023/seasontype/2
401547597,https://www.espn.com/nfl/scoreboard/_/week/15/year/2023/seasontype/2
401547596,https://www.espn.com/nfl/scoreboard/_/week/15/year/2023/seasontype/2
401547600,https://www.espn.com/nfl/scoreboard/_/week/15/year/2023/seasontype/2
401547602,https://www.espn.com/nfl/scoreboard/_/week/15/year/2023/seasontype/2
401547601,https://www.espn.com/nfl/scoreboard/_/week/15/year/2023/seasontype/2
